{
  "r2_test": 0.961139089136409,
  "mae_test": 0.07250800150099236,
  "mse_test": 0.015268393213315542,
  "rmse_test": 0.12356533985432785,
  "n_features": 100,
  "elapsed_sec": 0.0
}