{
  "r2_test": 0.9397489914265567,
  "mae_test": 0.09564995001095586,
  "mse_test": 0.02367253031271768,
  "rmse_test": 0.15385879991965906,
  "n_features": 10,
  "elapsed_sec": 0.0
}