{
  "r2_test": 0.959998369117937,
  "mae_test": 0.07674487200818929,
  "mse_test": 0.015716580386525847,
  "rmse_test": 0.12536578634749534,
  "n_features": 77,
  "elapsed_sec": 0.0
}