{
  "r2_test": 0.9516583421702575,
  "mae_test": 0.08457040514812357,
  "mse_test": 0.018993364384044607,
  "rmse_test": 0.13781641551007126,
  "n_features": 20,
  "elapsed_sec": 0.0
}