{
  "r2_test": 0.8626936364562275,
  "mae_test": 0.15975784317532188,
  "mse_test": 0.05394746295668902,
  "rmse_test": 0.23226593154547875,
  "n_features": 5,
  "elapsed_sec": 0.0
}