{
  "r2_test": 0.9613455379564385,
  "mae_test": 0.07135616644832743,
  "mse_test": 0.015187279783584032,
  "rmse_test": 0.1232366819724713,
  "n_features": 512,
  "elapsed_sec": 0.01
}