{
  "r2_test": 0.9568434239086624,
  "mae_test": 0.07907863754234704,
  "mse_test": 0.016956153596499216,
  "rmse_test": 0.1302157962633536,
  "n_features": 38,
  "elapsed_sec": 0.0
}