{
  "r2_test": 0.8157574337038623,
  "mae_test": 0.20169381359870767,
  "mse_test": 0.07238862616252725,
  "rmse_test": 0.26905134484430154,
  "n_features": 3,
  "elapsed_sec": 0.0
}