{
  "r2_test": 0.9561883096311379,
  "mae_test": 0.07984895285218854,
  "mse_test": 0.01721354700716865,
  "rmse_test": 0.13120040780107603,
  "n_features": 26,
  "elapsed_sec": 0.0
}