{
  "mace_E_total": {
    "mean": -78.47334289550781,
    "std": 34.61771011352539,
    "min": -1057.437744140625,
    "max": -5.855407238006592
  },
  "mace_E_per_atom": {
    "mean": -5.9111647605896,
    "std": 2.3291594982147217,
    "min": -11.517277717590332,
    "max": -0.4504159390926361
  },
  "mace_E_H": {
    "mean": -3.5460896492004395,
    "std": 0.6054308414459229,
    "min": -4.764381408691406,
    "max": -1.6108109951019287
  },
  "mace_E_neighbors_mean": {
    "mean": -6.258128643035889,
    "std": 2.639746904373169,
    "min": -12.822528839111328,
    "max": -0.10950738191604614
  },
  "mace_E_neighbors_min": {
    "mean": -6.7090630531311035,
    "std": 2.711869955062866,
    "min": -12.892708778381348,
    "max": -0.110493004322052
  },
  "mace_E_surface_mean": {
    "mean": -5.941497802734375,
    "std": 2.4161288738250732,
    "min": -11.639213562011719,
    "max": -0.1561807245016098
  },
  "mace_n_neighbors": {
    "mean": 2.2802047729492188,
    "std": 0.8751307725906372,
    "min": 1.0,
    "max": 5.0
  }
}