{
  "r2_test": 0.9576844223614647,
  "mae_test": 0.07646676494672186,
  "mse_test": 0.016625726573976544,
  "rmse_test": 0.12894078708452397,
  "n_features": 50,
  "elapsed_sec": 0.0
}