{
  "r2_test": 0.8625933301424255,
  "mae_test": 0.16150695903468956,
  "mse_test": 0.05398687315595801,
  "rmse_test": 0.23235075458443857,
  "n_features": 16,
  "elapsed_sec": 0.0
}