{
  "r2_test": 0.8370795914598215,
  "mae_test": 0.18479835935252514,
  "mse_test": 0.06401118256844664,
  "rmse_test": 0.25300431333960816,
  "n_features": 4,
  "elapsed_sec": 0.0
}