{
  "r2_test": 0.8073641335774915,
  "mae_test": 0.2101336246100556,
  "mse_test": 0.0756863411115319,
  "rmse_test": 0.27511150668689216,
  "n_features": 3,
  "elapsed_sec": 0.0
}