{
  "r2_test": 0.8643333292773439,
  "mae_test": 0.1574651803172888,
  "mse_test": 0.053303230122576276,
  "rmse_test": 0.23087492311330884,
  "n_features": 7,
  "elapsed_sec": 0.0
}