{
  "r2_test": 0.940194412437788,
  "mae_test": 0.08367637128933927,
  "mse_test": 0.023497525069818843,
  "rmse_test": 0.15328902462283087,
  "n_params": 5016849,
  "vram_peak_gb": 0.675,
  "best_ckpt": "/home/mauricio/repositorios/her-gnn/logs/checkpoints/mace_ft_stageC/epoch=49-step=52750.ckpt",
  "elapsed_sec": 2881.66
}