{
  "r2_test": 0.944455018384222,
  "mae_test": 0.07173569409191408,
  "mse_test": 0.021823539425336897,
  "rmse_test": 0.14772792364795795,
  "n_params": 919041,
  "vram_peak_gb": 0.879,
  "best_ckpt": "/home/mauricio/repositorios/her-gnn/logs/checkpoints/mace_ft_stageA_plus/epoch=137-step=36432.ckpt",
  "elapsed_sec": 2005.83
}