{
  "r2_test": 0.8458971552147353,
  "mae_test": 0.1720097818304737,
  "mse_test": 0.060546775080261905,
  "rmse_test": 0.24606254302567448,
  "n_features": 5,
  "elapsed_sec": 0.0
}