{
  "r2_test": 0.9080181928143383,
  "mae_test": 0.05966412768659099,
  "mse_test": 0.036139513186188806,
  "rmse_test": 0.19010395363113522,
  "n_params": 455809,
  "vram_peak_gb": 0.392,
  "best_ckpt": "/home/mauricio/repositorios/her-gnn/logs/checkpoints/schnet_baseline/epoch=166-step=22044.ckpt",
  "elapsed_sec": 935.0
}