{
  "dim": 512,
  "global_mean": 0.0010174113558605313,
  "global_std": 0.08769647032022476
}