{
  "r2_test": 0.9340834376461232,
  "mae_test": 0.09550592906975339,
  "mse_test": 0.025898517762843083,
  "rmse_test": 0.16093016424164577,
  "r2_train": 0.9987475188065177,
  "mae_train": 0.012345186229063889,
  "mse_train": 0.0004682172608027467,
  "rmse_train": 0.021638328512219855,
  "n_params": null,
  "elapsed_sec": 361.94
}